Sta,Date,Gear,Hour,Min,Depth (Ft),Trans (Ft),Wdir,Wfor (Kts),SeaSt,Cloud,Temp.S,Temp.B,DO.S,DO.B,Sal.S,Sal.B,pH.S,pH.B,FNU.S,FNU.B,Comments 
4231,11/1/2022,1,7,42,17.0,6.00,NE,0-5,0.5,50,20.9,21.5,7.44,6.83,28.61,31.44,7.53,7.25,0.55,1.94,
6220,11/1/2022,1,8,30,16.7,7.00,NE,5-10,0.5,80,21.1,21.4,7.46,7.12,29.42,31.06,7.75,7.66,0.67,4.50,
93,11/1/2022,1,9,15,17.6,11.50,NNE,5-10,1,50,21.4,21.4,7.58,7.32,29.04,30.07,7.82,7.73,0.75,0.86,No Catch
92,11/1/2022,1,9,47,11.8,7.50,NE,5-10,0.5,50,21.4,21.7,7.64,7.26,28.58,30.49,7.90,7.83,1.63,2.36,
47,11/1/2022,1,10,22,38.7,6.00,NE,0-5,0.1,80,21.5,21.9,7.08,6.73,26.80,31.77,7.90,7.83,1.40,4.47,
95,11/1/2022,1,11,14,18.1,5.00,NE,0-5,0.1,50,21.0,21.5,6.45,6.61,13.90,24.57,7.87,7.75,2.83,3.99,8 min tow
54,11/1/2022,1,11,59,9.2,7.50,NE,0-5,0.1,0,22.1,21.8,7.63,7.34,20.79,29.74,7.67,7.78,3.17,8.08,
57,11/28/2022,1,9,20,14.1,4.00,N,0-5,0.5,100,14.7,15.2,8.66,8.71,24.42,25.06,7.91,7.82,4.33,4.19,
60,11/28/2022,1,10,10,9.0,4.00,N,0-5,0.5,80,15.2,15.2,9.15,8.86,20.41,21.83,7.84,7.90,3.12,3.71,
1201,11/28/2022,1,10,33,9.2,4.00,N,0-5,0.1,0,15.4,15.2,9.09,8.97,19.79,21.91,7.87,7.89,2.97,6.88,
52,11/28/2022,1,11,00,8.7,2.00,N,0-5,0.1,0,16.5,16.5,9.11,8.77,13.35,20.39,7.86,7.85,3.94,3.71,
51,11/28/2022,1,11,30,5.5,3.00,N,0-5,0.1,0,16.8,16.8,9.21,9.10,13.26,16.94,7.71,7.75,5.58,4.16,8 min tow
50,11/28/2022,1,12,00,19.0,2.00,N,0-5,0.1,0,17.3,17.3,7.95,8.69,5.87,14.50,7.65,7.54,6.42,37.16,
49,11/28/2022,1,12,30,10.2,2.50,N,0-5,0.1,0,16.9,16.9,7.43,8.01,2.92,4.91,7.80,7.48,9.80,8.02,4 min tow
4203,12/7/2022,1,7,30,10.8,4.00,N,0-1,0,0,19.5,17.7,8.69,7.43,17.07,28.33,7.61,7.25,1.86,2.10,No Catch
6207,12/7/2022,1,8,15,13.5,4.00,N,0,0,0,18.8,17.5,8.24,7.46,11.76,31.74,7.47,7.49,4.92,4.08,
93,12/7/2022,1,8,54,16.8,12.50,N,1-5,0.5,0,18.5,17.9,8.64,8.17,22.60,29.31,7.72,7.75,0.86,1.31,
92,12/7/2022,1,9,25,11.0,6.25,N,1-5,0.5,10,18.5,18.3,8.04,8.67,17.76,26.93,7.88,7.92,2.59,0.55,
54,12/7/2022,1,9,54,10.5,3.00,N,1-5,0.5,0,19.2,18.4,8.26,8.08,18.03,26.09,7.88,7.79,2.56,3.60,No Catch
47,12/7/2022,1,10,23,38.9,4.50,E,1-5,0.5,0,18.8,18.2,8.11,7.63,14.50,31.51,7.84,7.87,3.30,6.49,
95,12/7/2022,1,11,04,25.9,3.00,SE,1-5,0.1,0,17.7,17.8,7.34,7.00,2.75,29.21,8.34,7.73,6.93,13.48,
49,12/8/2022,1,10,12,10.1,3.50,S,1,0,100,19.1,19.2,6.37,6.36,5.20,8.66,7.81,7.44,3.82,5.90,3 min tow
50,12/8/2022,1,10,48,16.0,3.50,S,1,0,100,19.8,20.1,7.55,7.15,7.81,11.54,7.34,7.22,3.39,5.90,
51,12/8/2022,1,11,16,4.7,3.50,S,1,0,100,20.5,19.7,8.20,7.89,11.35,13.62,7.33,7.34,3.35,5.85,
57,12/8/2022,1,12,05,13.7,6.00,SE,1-5,0,100,18.0,17.8,8.75,8.62,18.02,18.92,7.58,7.77,1.54,9.83,No Catch
1208,12/8/2022,1,12,28,13.5,6.00,SE,1-5,0,100,17.8,18.0,8.82,8.83,18.13,18.30,7.91,7.95,1.67,1.85,
60,12/8/2022,1,13,03,9.0,5.50,SW,1-5,0.1,100,19.4,18.8,8.81,8.76,16.15,16.68,7.84,7.85,1.82,6.20,No Catch
52,12/8/2022,1,13,30,9.5,6.00,SE,1-5,0.1,100,20.0,8.8,8.77,8.77,15.36,16.53,7.82,7.83,1.80,3.23,
57,1/26/2023,1,8,55,14.2,2.50,N,13.03,3,40,12.4,12.8,9.68,9.38,15.80,17.63,7.61,7.65,6.40,68.84,
1213,1/26/2023,1,9,57,11.2,2.00,N,13.03,3,50,12.5,12.3,10.11,7.89,12.18,12.51,7.69,7.75,4.64,23.21,
60,1/26/2023,1,10,26,8.8,2.50,N,13.03,2,30,12.6,12.6,10.13,10.03,9.52,10.92,7.74,7.74,5.41,5.84,
52,1/26/2023,1,10,54,9.0,1.80,N,10.42,1,5,12.7,12.2,9.89,10.40,12.60,8.90,7.77,7.65,110.47,5.75,
49,1/26/2023,1,11,39,10.2,0.75,N,10.42,0,0,13.0,13.2,9.80,9.74,0.17,1.04,8.54,7.94,15.55,56.67,5 min tow
50,1/26/2023,1,12,20,18.2,1.90,N,7.82,0,0,13.7,13.2,9.71,9.39,1.49,6.29,7.64,7.23,9.03,11.44,
51,1/26/2023,1,12,58,6.3,3.40,N,8.69,0.5,0,13.1,13.1,10.67,10.24,6.15,9.74,7.32,7.12,6.36,54.63,
4225,1/27/2023,1,8,38,14.5,3.50,NE,6.9,2,10,12.7,12.6,9.00,9.29,25.63,25.62,7.50,7.62,4.41,4.43,7 min tow
95,1/27/2023,1,10,56,12.8,1.20,SE,3.5,0,20,12.4,13.7,9.80,8.75,0.39,14.29,8.88,7.75,20.70,8.60,
54,1/27/2023,1,11,43,8.9,3.50,SE,3.5,0.5,10,12.9,13.6,10.14,9.54,15.85,22.09,7.66,7.77,4.47,5.54,8 min tow
6214,1/27/2023,1,12,07,10.9,4.00,SE,3.5,0.5,10,13.1,13.1,10.09,9.57,20.86,23.50,7.98,7.96,3.58,9.47,
93,1/30/2023,1,13,38,18.0,5.60,SW,4.3,1,100,16.5,17.1,8.75,8.47,27.40,30.10,7.71,7.76,2.29,3.77,No Catch
92,1/30/2023,1,14,09,12.8,5.00,SW,3.5,1,100,16.3,14.9,9.69,8.81,20.26,25.82,8.03,7.90,2.42,21.22,
47,1/30/2023,1,14,48,40.9,2.70,SW,4.3,1,100,15.0,16.9,9.16,7.73,19.76,31.40,8.04,7.86,5.88,7.70,
4238,2/13/2023,1,8,55,15.5,2.00,-,0,0,0,13.4,14.9,9.23,8.16,17.40,25.43,7.62,7.58,6.57,4.53,
6233,2/13/2023,1,10,05,15.5,2.00,-,0,0,0,13.1,15.8,9.36,7.85,16.14,25.81,7.77,7.64,6.70,4.58,
54,2/13/2023,1,10,32,8.8,1.00,NW,3,0.5,0,13.1,14.4,9.28,7.69,0.74,21.10,9.17,7.68,32.47,8.96,
93,2/13/2023,1,11,13,17.7,3.50,NW,2.7,0.5,0,14.5,17.0,8.96,6.96,13.68,30.77,7.64,7.26,4.59,5.56,
92,2/13/2023,1,11,41,12.0,3.00,SSW,4,0.5,0,13.2,14.5,9.27,8.47,11.90,21.01,7.94,7.55,6.40,6.33,
47,2/13/2023,1,12,13,36.0,1.50,SSW,5,0.5,0,15.5,16.1,7.96,7.85,17.06,25.40,7.47,7.32,10.68,6.19,
95,2/13/2023,1,12,52,19.4,1.50,SW,5,0.5,30,13.2,13.0,9.01,8.97,0.03,0.25,8.84,8.89,26.25,23.53,
57,2/28/2023,1,8,35,14.6,3.00,W,4.5,1,100,21.0,20.8,8.38,7.66,6.79,12.09,7.53,7.45,5.36,5.36,
60,2/28/2023,1,9,19,9.3,1.50,W,2.1,0.5,100,20.7,20.0,8.47,7.45,4.65,9.73,7.70,7.40,13.43,22.38,
1201,2/28/2023,1,9,42,8.1,1.50,W,2.4,0.5,100,20.6,20.1,8.17,7.15,4.79,9.24,7.62,7.40,13.60,10.07,
52,2/28/2023,1,10,10,9.1,1.50,WSW,2.5,0.5,80,21.1,20.0,8.46,6.41,4.52,8.16,7.64,7.46,13.74,11.45,
51,2/28/2023,1,10,40,5.7,1.50,SW,3.3,0.5,40,23.0,22.5,8.44,7.80,1.75,2.15,7.82,7.79,16.45,24..44,
50,2/28/2023,1,11,05,18.9,1.75,WSW,5.3,0.5,40,23.1,22.6,8.45,7.92,0.94,1.09,7.83,7.67,12.85,7.12,
49,2/28/2023,1,11,48,9.2,2.25,WSW,5.1,0.5,40,22.7,22.1,7.29,7.08,0.33,0.39,7.76,7.36,12.16,14.34,6 min tow
4232,3/8/2023,1,8,32,15.2,6.00,E,5,0.5,100,22.6,21.9,7.84,6.94,13.16,19.52,7.81,7.66,1.33,1.23,No Catch
6220,3/8/2023,1,9,03,16.3,5.50,E,7.5,0.5,100,22.9,22.0,8.17,7.27,14.48,21.99,7.76,7.82,2.04,1.65,
93,3/8/2023,1,10,16,17.3,4.75,E,5,1,100,23.3,21.3,8.37,4.50,11.95,27.03,8.01,7.66,3.85,8.82,No Catch
92,3/8/2023,1,10,48,11.6,3.50,E,4.9,1,100,23.4,21.6,8.18,4.98,10.73,24.18,7.96,7.69,4.29,3.35,
54,3/8/2023,1,11,23,8.6,3.00,E,4.1,0.5,100,23.3,23.0,7.81,7.02,12.51,14.51,8.15,7.83,4.33,6.60,
47,3/8/2023,1,12,10,37.0,4.00,E,4.3,0.5,100,23.7,20.8,7.95,2.96,13.80,32.50,7.78,7.64,3.77,3.02,No Catch
95,3/8/2023,1,12,28,21.8,2.00,E,4.6,0.5,80,23.4,20.9,7.11,2.92,2.27,31.32,8.44,7.50,7.71,2.85,6 min tow No Catch
57,3/22/2023,1,8,27,15.4,5.75,E,2.4,0.5,0,14.5,14.6,9.04,8.69,18.74,19.83,7.45,7.57,2.14,3.64,
1203,3/22/2023,1,9,03,13.0,4.00,E,4.5,0.5,0,14.5,14.5,9.34,8.94,11.36,16.78,7.72,7.59,3.55,3.88,
60,3/22/2023,1,9,29,9.8,3.50,E,4.7,0.5,0,14.7,14.2,9.56,9.30,10.44,11.87,7.67,7.67,4.04,3.77,
52,3/22/2023,1,9,59,9.0,3.00,E,4.9,0.5,0,14.8,14.7,9.58,9.15,9.28,13.91,7.77,7.59,5.07,4.87,
51,3/22/2023,1,10,34,6.6,3.00,SE,7.4,0.5,0,15.3,14.7,9.96,9.71,4.97,6.37,7.88,7.78,6.75,17.30,
50,3/22/2023,1,11,02,11.2,3.00,SE,10.9,0.5,0,16.3,15.1,9.39,9.53,1.51,4.18,7.99,7.65,8.39,8.14,
49,3/22/2023,1,11,34,10.5,2.25,SE,10.1,0.5,0,16.6,14.2,8.99,9.00,1.25,3.65,7.84,7.54,9.96,11.31,
51,4/14/2023,1,8,34,6.0,2.00,W,5.0,0.5,0,19.4,19.8,8.12,7.19,4.10,8.85,7.28,7.39,9.45,15.32,
50,4/14/2023,1,9,06,18.8,2.00,WSW,4.0,0.5,0,20.2,19.7,7.68,7.88,2.20,5.10,6.91,7.13,6.70,15.80,
49,4/14/2023,1,9,49,11.2,2.50,NW,5.0,0.1,0,20.6,20.2,6.93,7.00,1.55,1.80,6.70,6.68,5.54,8.35,
52,4/14/2023,1,10,43,10.5,1.00,S,7.0,1,0,20.3,20.2,8.19,8.13,12.02,12.05,7.76,7.71,17.57,21.69,
60,4/14/2023,1,11,18,10.1,2.00,S,8.0,1,0,20.5,20.1,8.52,8.08,12.29,12.63,7.85,7.74,7.70,14.40,
1217,4/14/2023,1,11,51,12.9,2.00,S,5.0,0.5,0,20.6,20.1,8.75,8.46,11.24,12.01,7.85,7.79,6.86,7.94,
57,4/14/2023,1,12,28,17.0,3.00,SE,9.0,0.5,0,20.7,20.1,8.90,8.36,13.60,15.43,7.97,7.92,6.06,15.89,"Trawled outside of channel, too much traffic"
95,4/18/2023,1,9,37,18.6,1.50,NE,5.0,0.1,0,18.6,18.7,7.10,7.12,0.04,0.21,6.82,7.18,17.03,21.25,No Catch
47,4/18/2023,1,10,19,9.3,3.00,E,7.0,0.5,0,20.0,21.1,6.79,4.97,13.75,25.85,7.58,7.81,7.40,6.10,
54,4/18/2023,1,11,04,8.4,1.00,E,6.0,0.5,0,20.2,20.8,7.69,7.26,4.10,18.05,7.30,7.92,13.20,6.50,
6235,4/18/2023,1,11,37,16.5,4.50,E,7.0,0.5,0,20.8,20.6,8.56,7.43,16.77,20.07,8.12,8.00,2.33,4.14,
93,4/18/2023,1,12,23,18.0,3.00,E,6.0,0.5,0,20.9,21.0,8.56,5.31,13.50,30.26,8.03,7.90,4.76,10.41,
92,4/18/2023,1,12,53,12.0,2.50,E,5.0,0.5,0,21.1,20.5,8.49,8.31,15.56,16.79,8.02,8.07,5.32,5.33,
4212,4/18/2023,1,14,40,14.5,6.00,E,7.0,1,100,21.2,20.9,9.10,6.55,14.73,20.97,8.19,7.93,1.92,3.69,
95,5/1/2023,1,9,15,22.4,2.25,NW,5,0.1,0,21.6,21.8,6.97,4.71,1.11,29.23,7.66,7.83,9.63,12.02,
47,5/1/2023,1,9,55,9.6,4.00,NW,5,0.1,0,21.9,21.8,7.55,5.40,9.97,25.03,7.61,7.81,3.77,9.17,
92,5/1/2023,1,10,25,11.9,3.00,W,3,0.1,0,22.3,21.6,8.01,5.55,15.70,30.15,7.88,7.81,9.74,11.11,
93,5/1/2023,1,11,18,17.7,5.00,W,0,0.1,0,22.4,21.8,7.76,5.85,20.32,28.53,8.04,7.93,3.08,29.24,
6215,5/1/2023,1,12,41,15.5,4.50,SW,7,0.5,0,23.2,21.8,8.08,7.32,19.88,20.36,8.09,8.01,4.14,7.05,
4250,5/1/2023,1,13,21,16.5,4.00,SW,7,0.5,0,23.3,21.7,8.35,7.46,17.68,23.52,8.10,7.99,3.50,5.36,
54,5/1/2023,1,14,14,7.1,2.75,SW,11,1,0,24.1,21.8,8.98,7.38,12.55,18.71,8.09,7.91,10.11,14.44,
57,5/3/2023,1,9,52,14.8,3.00,N,4,0.75,10,22.5,21.9,8.61,5.60,8.67,27.39,8.17,7.97,4.49,3.88,
1211,5/3/2023,1,10,31,10.5,2.25,N,2,0.5,10,22.4,21.9,8.76,4.70,4.65,19.51,8.81,7.70,8.86,6.13,
60,5/3/2023,1,11,01,10.1,2.50,N,2,0.5,0,23.3,22.1,8.43,6.26,5.87,16.43,8.01,7.84,7.14,6.50,
52,5/3/2023,1,11,21,10.4,2.25,N,2,0.5,0,23.7,22.4,8.40,5.08,4.64,12.36,8.03,7.47,9.57,13.35,
49,5/3/2023,1,12,04,9.9,3.00,N,1,0.1,0,24.6,23.3,8.58,7.11,1.76,3.12,7.40,7.19,4.65,12.21,
50,5/3/2023,1,12,32,20.6,2.50,SW,4,0.1,0,25.1,23.3,8.70,7.92,2.93,3.34,7.65,7.42,6.00,9.17,
51,5/3/2023,1,14,09,6.9,2.25,NW,5,0.5,0,25.7,24.1,8.59,8.22,5.02,5.30,7.94,7.81,8.22,11.61,
4248,6/9/2023,1,8,00,18.2,10.00,NW,7,1,0,27.4,27.6,6.84,5.80,22.73,27.63,7.99,7.96,0.18,1.15,
6223,6/9/2023,1,9,56,15.5,4.75,NW,7,1,0,27.5,27.6,6.86,6.44,23.80,25.75,7.99,8.02,8.19,2.11,
93,6/9/2023,1,10,36,18.8,11.00,NW,3,0.5,0,28.0,26.6,6.89,6.37,25.08,32.09,8.05,8.03,0.06,-0.31,
92,6/9/2023,1,11,22,12.8,6.00,NNW,2,0.1,0,28.3,27.7,7.35,6.57,22.96,29.20,8.05,8.02,0.96,0.78,
54,6/9/2023,1,12,16,10.1,4.00,NW,3,0.1,0,28.0,27.9,7.45,5.72,22.64,25.47,8.06,7.90,1.44,2.52,
47,6/9/2023,1,12,49,8.0,5.50,W,3,0.1,0,29.2,28.0,7.57,7.15,21.77,25.44,8.05,8.04,1.88,1.28,
95,6/9/2023,1,13,19,23.7,5.00,SW,5,0.1,0,29.5,27.4,7.16,5.92,21.32,29.38,7.94,7.98,1.65,3.54,
57,6/28/2023,1,9,22,16.0,6.00,SW,5,1,0,29.4,26.2,6.97,2.65,18.87,33.88,8.02,7.68,0.83,15.50,Jellies/No Catch
1223,6/28/2023,1,10,21,12.4,6.00,SW,5,1,0,30.2,27.3,7.15,4.10,17.32,24.20,8.02,7.80,1.35,1.70,
60,6/28/2023,1,11,04,9.9,3.00,SSW,3,0.5,0,30.7,30.1,5.10,3.06,18.05,19.45,7.70,7.54,6.50,26.50,
52,6/28/2023,1,12,02,9.3,3.00,SW,3,0.5,0,31.1,30.1,6.84,4.82,13.75,19.88,7.86,7.69,3.15,75.50,
51,6/28/2023,1,12,36,6.0,2.50,W,3,0.5,0,31.5,30.7,7.60,5.92,9.54,13.15,7.91,7.60,2.35,6.90,
50,6/28/2023,1,13,01,18.3,2.50,W,2.5,0.1,0,32.2,31.2,7.66,4.56,4.81,11.28,7.52,7.18,3.20,19.55,
49,6/28/2023,1,13,33,9.8,2.00,W,3,0.1,0,32.0,30.5,7.69,4.38,3.38,7.40,7.45,7.00,2.29,50.50,
4242,7/6/2023,1,8,33,17.2,4.50,NW,10,1,100,29.9,30.1,6.35,5.13,28.20,29.63,8.00,8.00,1.15,112.50,
6233,7/6/2023,1,10,00,16.0,5.00,NW,1,0.5,100,30.1,30.3,6.68,6.14,28.00,29.85,8.07,8.07,2.17,2.78,No Catch
93,7/6/2023,1,10,51,18.5,4.50,W,1,0.5,100,30.0,26.7,7.14,5.79,21.16,34.30,8.02,8.00,1.65,0.00,No Catch
92,7/6/2023,1,11,30,12.9,4.00,S,1,0.1,100,30.4,29.1,7.63,4.86,17.73,31.53,8.05,7.96,2.13,16.97,
47,7/6/2023,1,12,09,9.9,3.75,S,3,0.1,100,29.6,29.1,6.93,3.81,23.08,30.82,7.96,7.83,1.96,152.70,
95,7/6/2023,1,12,44,22.1,3.75,S,0,0,50,29.6,27.3,5.83,3.22,22.94,33.33,7.85,7.79,1.36,6.41,
54,7/6/2023,1,13,48,9.8,3.50,SW,5,0.5,50,31.1,31.0,7.39,6.49,27.57,28.53,8.09,8.05,1.44,2.92,No Catch
57,7/25/2023,1,9,44,16.0,5.00,NW,5,1,0,29.7,28.9,6.48,5.65,27.50,29.10,8.01,8.00,0.42,0.67,
1210,7/25/2023,1,10,49,11.1,2.75,NE,3,0.5,0,30.4,30.1,4.80,5.82,23.83,24.62,7.98,7.93,2.28,2.02,Jellies/No Catch
60,7/25/2023,1,11,19,9.2,2.75,E,3,0.5,0,30.8,30.6,6.85,4.34,23.76,26.00,7.96,7.83,3.08,3.45,
52,7/25/2023,1,11,58,9.3,3.00,E,3,0.5,0,31.3,30.3,7.24,6.20,21.33,25.21,8.02,7.92,2.00,3.33,
49,7/25/2023,1,12,38,13.7,3.25,E,3,0.1,20,31.8,30.9,8.50,4.08,11.20,14.50,7.84,7.31,1.32,5.54,
50,7/25/2023,1,13,10,18.8,2.75,E,1,0.1,0,31.8,31.2,8.28,4.20,12.55,15.56,7.98,7.40,2.10,10.62,Crab Trap
51,7/25/2023,1,13,41,6.3,2.75,SE,5,0.5,0,31.6,31.2,7.73,7.43,16.52,16.70,8.01,7.99,3.20,6.92,
4242,8/3/2023,1,8,09,17.0,5.50,N,2,0.5,10,31.2,31.3,6.22,3.62,31.18,31.78,8.03,7.97,0.62,6.82,
6209,8/3/2023,1,9,44,14.8,5.75,N,1,0.1,10,31.1,30.8,6.68,3.70,28.66,32.35,8.06,7.91,0.25,3.00,
93,8/3/2023,1,10,31,18.1,12.00,N,2,0.5,0,31.5,30.9,6.32,6.14,32.46,32.54,8.00,8.07,-1.20,1.02,No Catch
92,8/3/2023,1,12,16,12.1,4.00,S,1,0.1,0,32.0,31.1,7.81,5.55,29.62,31.60,8.15,8.00,1.65,1.26,
47,8/3/2023,1,12,45,10.3,3.50,S,1,0.1,0,32.2,31.4,9.50,6.59,27.18,28.89,8.18,7.59,1.51,2.16,
95,8/3/2023,1,13,19,14.4,3.25,S,4,0.1,0,31.2,29.0,5.94,3.10,29.20,32.30,7.97,7.82,1.57,1.14,
54,8/3/2023,1,14,23,8.9,3.25,S,5,0.5,0,33.1,32.2,7.78,6.40,28.12,30.32,8.12,8.05,1.68,2.19,
57,8/17/2023,1,7,30,14.6,3.50,SE,1,0.5,0,28.5,28.7,6.35,4.38,30.89,32.18,7.97,7.93,2.35,4.83,Moon/Comb Jellies
1229,8/17/2023,1,8,28,10.2,3.00,SE,1,0.5,10,30.0,29.9,5.19,4.92,27.32,27.39,7.89,7.89,4.72,5.56,Moon/Comb Jellies
60,8/17/2023,1,9,00,10.0,2.75,SE,1,0.1,0,30.3,29.9,6.44,5.07,24.51,26.55,8.05,7.95,4.75,3.23,Jellies/No Catch
52,8/17/2023,1,9,28,10.2,3.00,SE,1,0.1,0,30.4,30.4,6.23,5.91,25.70,25.80,8.04,8.02,4.53,4.78,Jellies/No Catch
51,8/17/2023,1,9,53,7.2,2.75,S,1,0.1,0,30.6,30.5,7.52,6.44,20.78,21.22,8.12,8.02,11.91,11.76,Moon/Comb Jellies
50,8/17/2023,1,10,29,17.0,4.00,E,1,0.1,0,30.0,30.0,7.58,6.23,17.74,18.88,8.08,8.01,3.80,7.77,Moon/Comb Jellies
49,8/17/2023,1,11,00,11.0,3.00,E,2,0.1,0,31.1,30.3,7.36,5.36,16.40,17.42,7.97,7.68,3.02,6.71,Moon/Comb Jellies
4251,9/19/2023,1,9,54,15.7,5.00,E,10,1.5,0,28.7,28.6,6.41,6.31,29.95,29.95,8.03,8.12,2.55,2.99,Moon/Comb Jellies
6222,9/19/2023,1,11,16,15.0,5.00,E,5,0.5,0,28.7,29.7,7.41,4.58,28.22,30.05,8.20,7.97,0.78,8.66,Moon/Comb Jellies
93,9/19/2023,1,11,54,17.4,5.50,E,8,1,0,29.5,29.4,7.21,6.95,31.45,31.44,8.18,8.16,0.44,0.69,Moon/Comb Jellies
92,9/19/2023,1,12,28,11.5,4.50,E,8,1.5,0,28.9,28.9,7.46,7.44,30.43,30.44,8.21,8.19,1.23,1.47,Moon/Comb Jellies
47,9/19/2023,1,12,57,9.0,5.50,SE,8,1,0,29.5,29.5,7.98,8.06,30.48,30.50,8.19,8.18,1.35,1.49,Moon/Comb Jellies
95,9/19/2023,1,13,30,18.5,3.00,SE,8,0.5,0,29.6,30.1,8.70,2.19,15.69,30.77,8.17,7.85,2.54,3.29,
54,9/19/2023,1,14,19,8.4,3.50,SE,8,1,0,29.0,29.0,6.98,3.95,27.63,27.63,8.15,8.14,3.92,3.81,"Bryzoan, Jellies "
57,9/26/2026,1,10,00,15.4,4.20,N,7,1,10,28.7,28.6,6.12,5.96,30.32,30.36,8.07,8.06,2.94,10.66,
1218,9/26/2026,1,10,42,13.0,5.50,NW,6.2,1,10,28.4,28.3,6.54,6.24,28.93,28.93,8.03,8.00,1.77,2.25,Moon/Comb Jellies
60,9/26/2026,1,11,32,10.5,6.50,NNE,5,1,10,28.4,27.9,6.94,6.88,26.38,26.86,8.04,8.04,0.81,1.07,"Bryzoan, Jellies "
52,9/26/2026,1,11,59,11.5,4.50,N,3.4,0.5,10,28.6,28.0,6.53,5.35,25.63,26.20,7.92,7.86,2.17,2.53,"Bryzoan, Jellies "
51,9/26/2026,1,12,31,7.0,3.00,NW,3.2,0.1,20,29.3,29.6,7.16,6.70,23.18,24.07,7.93,7.88,2.06,2.24,Bryzoan
50,9/26/2026,1,12,55,20.7,3.25,NE,1.3,0,20,29.1,28.1,7.20,5.37,20.06,21.25,7.73,7.60,3.27,6.84,
49,9/26/2026,1,13,19,11.3,3.25,N,1.0,0,20,29.5,28.7,6.41,4.84,18.48,19.82,7.46,7.36,2.80,5.08,
57,10/17/2023,1,10,40,14.4,6.25,NNE,5,0.5,0,18.8,18.9,7.41,7.03,27.83,28.03,8.04,8.00,1.44,5.19,Moon/Comb Jellies
1226,10/17/2023,1,11,38,10.5,7.00,N,.2,0.5,0,19.5,19.3,7.38,7.42,20.07,20.34,7.89,7.88,0.77,0.89,
60,10/17/2023,1,13,27,8.4,7.00,SE,6.6,0.5,0,20.0,19.2,7.86,7.96,26.70,27.34,8.01,8.02,0.81,1.14,
52,10/17/2023,1,13,57,9.7,4.50,S,5.6,0.5,0,19.5,19.3,7.64,7.62,26.91,26.90,8.02,8.01,1.91,2.91,
4215,10/19/2023,1,8,56,11.5,5.25,N,5.6,0.5,0,19.9,20.3,7.60,7.28,30.11,31.87,8.06,8.18,1.80,4.11,
6204,10/19/2023,1,11,15,12.0,6.75,E,4.9,0.5,0,20.5,21.1,8.08,6.01,29.14,32.42,8.20,8.15,1.04,5.02,Moon/Comb Jellies
93,10/19/2023,1,12,04,17.1,5.50,E,5,0.5,0,21.4,21.4,7.37,6.86,30.84,31.67,8.23,8.22,1.46,4.25,
92,10/19/2023,1,12,33,10.7,7.00,E,4.3,0.5,10,21.4,21.0,7.49,7.23,30.06,29.95,8.24,8.22,3.14,5.43,Bryzoan
49,10/19/2023,1,13,10,7.8,6.50,ESE,4.7,0.5,80,21.9,22.1,7.72,8.70,28.80,30.23,8.23,8.29,1.39,1.60,
95,10/19/2023,1,13,43,18.8,2.50,SE,5.6,0.5,0,21.6,21.4,7.69,5.62,19.55,26.69,8.13,8.08,2.75,3.84,
54,10/19/2023,1,14,33,8.6,4.00,S,4.7,0.5,0,21.3,20.2,8.54,8.27,28.63,29.71,8.26,8.22,1.97,5.84,
51,10/26/2023,1,9,39,7.6,3.50,ESE,6.8,1,0,23.5,23.4,6.82,6.75,24.98,24.95,7.70,7.77,2.50,3.49,
50,10/26/2023,1,10,04,21.7,3.50,ESE,7.8,0.5,0,23.7,23.4,6.82,6.61,23.34,23.56,7.57,7.67,1.11,4.21,9 Min Tow
49,10/26/2023,1,10,31,11.8,3.25,ESE,9.5,0.5,0,23.8,23.7,6.56,6.03,22.16,22.86,7.50,7.54,0.88,3.05,
49,11/28/2023,1,9,30,12.6,4.50,E,5.6,0,20,15.7,15.7,8.00,7.82,19.07,19.37,7.29,7.35,0.45,0.81,
50,11/28/2023,1,9,59,18.3,4.00,E,5.2,0.5,0,15.2,15.1,8.71,8.54,19.73,19.82,7.52,7.61,0.57,0.83,
51,11/28/2023,1,10,26,5.7,4.75,E,7.2,1,0,14.8,14.8,9.18,9.18,20.40,20.39,7.81,7.83,0.88,0.81,
60,11/28/2023,1,11,36,7.8,5.00,NE,7.4,1,0,14.5,14.5,8.69,8.66,24.69,24.69,8.08,8.08,0.70,0.68,Jellies/No Catch
1207,11/28/2023,1,11,58,13.6,5.00,NW,5.6,2,0,14.5,14.4,8.33,8.21,26.08,26.03,8.06,8.05,4.86,4.67,"Bryzoan, Jellies "
57,11/28/2023,1,12,30,14.2,6.00,NW,6.2,1.5,0,14.7,14.6,8.04,8.29,26.73,26.92,8.12,8.10,1.16,8.07,
52,11/28/2023,1,13,11,3.3,4.25,NW,7.2,1.5,0,14.6,14.6,8.83,8.73,24.37,24.37,8.11,8.10,1.74,2.22,
4240,11/29/2023,1,9,02,14.2,5.00,E,8.3,1.5,5,14.0,15.0,8.14,7.98,30.47,30.65,8.05,8.16,0.96,0.98,
6238,11/29/2023,1,9,54,12.5,4.50,E,6.4,1.5,0,14.6,14.6,8.60,8.49,29.70,29.86,8.25,8.24,0.62,1.00,Jellies/No Catch
93,11/29/2023,1,10,29,16.5,7.00,E,5.4,2,40,15.7,15.7,8.15,8.08,32.68,32.68,8.26,8.25,0.13,0.09,Jellies/No Catch
92,11/29/2023,1,10,58,10.5,5.00,E,5.6,1.5,15,15.2,15.1,8.58,8.59,32.08,32.07,8.30,8.28,0.39,0.34,
95,11/29/2023,1,11,42,17.8,5.00,E,3.7,0,20,15.7,15.3,7.78,7.51,15.32,26.37,7.93,8.16,7.71,2.35,
47,11/29/2023,1,12,37,6.9,5.00,E,6.2,0.5,65,15.7,16.0,8.67,9.10,29.86,31.62,8.24,8.28,0.11,0.27,
54,11/29/2023,1,13,09,8.3,3.50,E,5.4,0.5,20,14.6,15.0,8.94,8.94,27.73,28.78,8.30,8.28,2.87,3.83,
4239,12/5/2023,1,8,45,15.3,6.25,N,4.9,0.5,100,15.7,15.7,8.09,8.00,30.10,30.11,7.94,7.98,0.53,0.64,
6236,12/5/2023,1,9,40,15.3,4.25,N,3.5,0.5,20,16.3,16.7,8.14,7.71,30.33,30.68,8.14,8.11,1.02,4.30,
93,12/5/2023,1,10,16,17.4,5.50,N,4.1,0.5,10,16.6,17.6,8.16,7.50,29.87,32.05,8.15,8.12,1.09,1.25,
92,12/5/2023,1,10,40,11.1,4.50,N,4.5,0.1,20,16.4,16.5,8.13,7.89,29.78,30.13,8.13,8.12,1.61,1.84,
47,12/5/2023,1,11,07,6.1,4.00,N,4.3,0.1,20,17.0,16.3,8.00,8.67,26.56,29.80,8.12,8.16,1.31,1.38,No Catch
95,12/5/2023,1,11,41,18.8,3.00,N,3.9,0.1,60,16.5,17.3,7.64,6.75,3.88,32.40,7.05,8.05,4.00,2.74,
54,12/5/2023,1,12,28,7.5,3.70,NW,4.9,0.1,20,16.6,17.1,8.46,7.57,21.48,30.86,8.08,8.08,2.14,6.96,
49,12/11/2023,1,9,35,10.9,3.00,N,5.4,0.1,0,14.4,16.0,7.55,6.67,9.57,5.51,7.08,7.20,1.69,1.60,7 min tow
50,12/11/2023,1,10,22,18.2,2.50,N,7.6,0.1,0,14.0,15.8,8.07,7.80,10.66,17.64,7.18,7.59,2.40,7.54,
51,12/11/2023,1,10,48,6.5,3.50,NE,5.4,0.1,0,13.7,13.4,8.93,9.01,13.21,14.25,7.45,7.53,3.92,6.87,8 min tow
52,12/11/2023,1,11,20,9.9,3.50,N,4.3,0.1,0,14.0,14.2,9.03,8.93,19.88,20.74,7.93,7.93,3.07,6.08,
60,12/11/2023,1,11,47,8.7,8.00,NNE,4.7,0.1,0,14.3,14.3,8.82,8.87,20.04,20.04,7.95,7.94,0.16,0.22,No Catch
1205,12/11/2023,1,12,12,11.8,7.00,NNE,2.5,0.1,0,14.5,14.3,8.60,8.42,20.81,21.20,7.94,7.91,0.42,0.70,
57,12/11/2023,1,12,49,13.3,4.50,NNE,1.0,0.25,0,14.6,14.4,8.72,8.47,22.53,23.11,7.99,7.97,1.07,3.20,
